<?xml version="1.0" encoding="utf-8" ?>
<introContent>
  	<extensionContent id="de.ovgu.featureide.ui.doc.Extension" style="css/featureide_tut.css" name="FeatureIDE Intro-Extension" path="tutorials/@">
		<group label="FeatureIDE Tutorial" style-id="content-group" id="featureide-introLink-group">
       		<link label="FeatureIDE" url="http://org.eclipse.ui.intro/showStandby?partId=org.eclipse.platform.cheatsheet&amp;input=de.ovgu.featureide.ui.doc.cheatsheet" id="FeatureIDE-TutLink" style-id="content-link">
          		<text>Create a simple HelloWorld FeatureIDE Project.</text>
       		</link>
       	</group>
   	</extensionContent>
   </introContent>