<?xml version="1.0" encoding="UTF-8" ?> 
<cheatsheet title="First FeatureIDE Project" id="de.ovgu.featureide.ui.doc.setup">
	<intro>
		<description>
It is now time to implement the features. The implementation details depend on the composer you have chosen. Please select the task that explains the implementation for the composer you have chosen during project creation. 
</description>
</intro>
	
 <item
       title="Implement your Munge product line">
    <description>
Munge is a purposely-simple Java preprocessor. When using Munge you can use Munge-style Java comments to specify the mapping between parts of code and features.<br/><br/>
<b>Example:</b><br/><br/>
 	public class Main {<br/>
	public static void main(String[] args){<br/>
		/*if[Hello]*/<br/>
		System.out.print(&quot;Hello&quot;);<br/>
		/*end[Hello]*/<br/>
		/*if[Beautiful]*/	<br/>
		System.out.print(&quot; beautiful&quot;);<br/>
		/*end[Beautiful]*/<br/>
		/*if[Wonderful]*/	<br/>
		System.out.print(&quot; wonderful&quot;);	<br/>
		/*end[Wonderful]*/<br/>
		/*if[World]*/		<br/>
		System.out.print(&quot; world!&quot;);<br/>
		/*end[World]*/<br/>
	}<br/>
}<br/>
    </description>
    
 </item>
 
 
</cheatsheet>
