<?xml version="1.0" encoding="UTF-8" standalone="no"?>
<project name="JAR Build Script" default="build" basedir=".">

	<!-- Path to Java Compiler (must be Java 1.7) -->
	<property name="bin.javac.path" value="C:/Program Files/Java/jdk1.7.0_80/bin/javac.exe" />

	<!-- Set JAR name -->
	<property name="build.jar.name" value="de.ovgu.featureide.lib.fm" />
	<property name="build.jar.version" value="3.5.4" />

	<!-- Constants -->
	<property name="src.dir" value="../src" />
	<property name="lib.dir" value="../lib" />
	<property name="license.path" value="../license.txt" />

	<property name="build.dir" value="." />
	<property name="build.bin.dir" value="${build.dir}/bin" />
	<property name="build.excludes.path" value="${build.dir}/excluded_source_files.txt" />
	<property name="build.jar.dir" value="${build.dir}/jar" />
	<property name="build.jar.path" value="${build.jar.dir}/${build.jar.name}" />
	<property name="build.version.name" value="version.txt" />
	<property name="build.version.path" value="${build.bin.dir}/${build.version.name}" />

	<target name="clean" description="Delete the Build Folder">

		<!-- Delete temp build folder -->
		<delete dir="${build.bin.dir}" />
		<delete dir="${build.jar.dir}" />

	</target>

	<target name="compile" description="Compile Sources">

		<!-- Get all libraries in lib folder -->
		<path id="classpath">
			<fileset dir="${lib.dir}" includes="**/*.jar" />
		</path>

		<!-- Create folders, if they do not exist yet -->
		<mkdir dir="${build.bin.dir}" />
		<mkdir dir="${build.jar.dir}" />

		<!-- Compile the src folder -->
		<javac srcdir="${src.dir}"
		       destdir="${build.bin.dir}"
		       classpathref="classpath"
		       excludesfile="${build.excludes.path}"
		       debug="on"
		       includeantruntime="false"
		       source="1.7"
		       target="1.7"
	           fork="yes"
	           executable="${bin.javac.path}"
		/>

		<!-- Calculate checksum for .class files -->
		<checksum algorithm="SHA-256" totalproperty="build.checksum" forceoverwrite="yes">
			<fileset dir="${build.bin.dir}">
				<exclude name="**/*.SHA-256" />
				<exclude name="${build.version.name}" />
			</fileset>
		</checksum>

		<!-- Get current timestamp -->
		<tstamp>
			<format property="timeStamp" pattern="yyyy/MM/dd HH-mm-ss" />
			<format property="file.timeStamp" pattern="yyyyMMdd-HH-mm-ss" />
		</tstamp>

		<!-- Create version file -->
		<echo file="${build.version.path}" append="false">FeatureIDE Version:	${build.jar.version}${line.separator}Build Time:         ${timeStamp}${line.separator}Checksum (SHA-256): ${build.checksum}${line.separator}</echo>

	</target>

	<target name="build" description="Compile and Build JAR" depends="compile">

		<!-- Build jar file, including source files and license file -->
		<jar destfile="${build.jar.path}.jar" basedir="${build.bin.dir}" excludes="**/*.SHA-256" compress="true">
			<fileset dir="${src.dir}" includes="**/*.java" excludesfile="${build.excludes.path}" />
			<fileset file="${license.path}" />
		</jar>

	</target>

	<target name="deleteFiles" description="Delete all files with eclipse dependencies (For test purposes only!)">
		<!-- Alternative: Remove files from classpath -->
		<delete>
			<fileset dir="${src.dir}" includesfile="${build.excludes.path}" />
		</delete>
	</target>

</project>
